"year","county","area.mi","area.km","harv.tot"
2005,"ADAMS",855,1376.55,5012
2006,"ADAMS",855,1376.55,4926
2007,"ADAMS",855,1376.55,4581
2008,"ADAMS",855,1376.55,4511
2009,"ADAMS",855,1376.55,4615
2010,"ADAMS",855,1376.55,4327
2011,"ADAMS",855,1376.55,4363
2012,"ADAMS",855,1376.55,4607
2013,"ADAMS",855,1376.55,3482
2014,"ADAMS",855,1376.55,3500
2015,"ADAMS",855,1376.55,3762
2016,"ADAMS",855,1376.55,3758
2017,"ADAMS",855,1376.55,3661
2018,"ADAMS",855,1376.55,3947
2019,"ADAMS",855,1376.55,3875
2020,"ADAMS",855,1376.55,3953
2021,"ADAMS",855,1376.55,3572
2022,"ADAMS",855,1376.55,3763
2005,"ALEXANDER",236,379.96,751
2006,"ALEXANDER",236,379.96,849
2007,"ALEXANDER",236,379.96,784
2008,"ALEXANDER",236,379.96,828
2009,"ALEXANDER",236,379.96,896
2010,"ALEXANDER",236,379.96,780
2011,"ALEXANDER",236,379.96,795
2012,"ALEXANDER",236,379.96,708
2013,"ALEXANDER",236,379.96,795
2014,"ALEXANDER",236,379.96,649
2015,"ALEXANDER",236,379.96,801
2016,"ALEXANDER",236,379.96,628
2017,"ALEXANDER",236,379.96,732
2018,"ALEXANDER",236,379.96,729
2019,"ALEXANDER",236,379.96,733
2020,"ALEXANDER",236,379.96,692
2021,"ALEXANDER",236,379.96,577
2022,"ALEXANDER",236,379.96,659
2005,"BOND",380,611.8,1633
2006,"BOND",380,611.8,1641
2007,"BOND",380,611.8,1666
2008,"BOND",380,611.8,1482
2009,"BOND",380,611.8,1431
2010,"BOND",380,611.8,1294
2011,"BOND",380,611.8,1338
2012,"BOND",380,611.8,1287
2013,"BOND",380,611.8,1022
2014,"BOND",380,611.8,964
2015,"BOND",380,611.8,1053
2016,"BOND",380,611.8,949
2017,"BOND",380,611.8,1043
2018,"BOND",380,611.8,1160
2019,"BOND",380,611.8,1172
2020,"BOND",380,611.8,1201
2021,"BOND",380,611.8,1121
2022,"BOND",380,611.8,1281
2005,"BOONE",280,450.8,525
2006,"BOONE",280,450.8,435
2007,"BOONE",280,450.8,368
2008,"BOONE",280,450.8,329
2009,"BOONE",280,450.8,391
2010,"BOONE",280,450.8,297
2011,"BOONE",280,450.8,284
2012,"BOONE",280,450.8,289
2013,"BOONE",280,450.8,244
2014,"BOONE",280,450.8,297
2015,"BOONE",280,450.8,315
2016,"BOONE",280,450.8,279
2017,"BOONE",280,450.8,288
2018,"BOONE",280,450.8,297
2019,"BOONE",280,450.8,281
2020,"BOONE",280,450.8,362
2021,"BOONE",280,450.8,312
2022,"BOONE",280,450.8,323
2005,"BROWN",305,491.05,2950
2006,"BROWN",305,491.05,2910
2007,"BROWN",305,491.05,2915
2008,"BROWN",305,491.05,2851
2009,"BROWN",305,491.05,2867
2010,"BROWN",305,491.05,2661
2011,"BROWN",305,491.05,2644
2012,"BROWN",305,491.05,2889
2013,"BROWN",305,491.05,2074
2014,"BROWN",305,491.05,2074
2015,"BROWN",305,491.05,2260
2016,"BROWN",305,491.05,2136
2017,"BROWN",305,491.05,2196
2018,"BROWN",305,491.05,2324
2019,"BROWN",305,491.05,2118
2020,"BROWN",305,491.05,2180
2021,"BROWN",305,491.05,1977
2022,"BROWN",305,491.05,2195
2005,"BUREAU",869,1399.09,2756
2006,"BUREAU",869,1399.09,2479
2007,"BUREAU",869,1399.09,2873
2008,"BUREAU",869,1399.09,2782
2009,"BUREAU",869,1399.09,2749
2010,"BUREAU",869,1399.09,2624
2011,"BUREAU",869,1399.09,2356
2012,"BUREAU",869,1399.09,2501
2013,"BUREAU",869,1399.09,1889
2014,"BUREAU",869,1399.09,1738
2015,"BUREAU",869,1399.09,1824
2016,"BUREAU",869,1399.09,1729
2017,"BUREAU",869,1399.09,1732
2018,"BUREAU",869,1399.09,1864
2019,"BUREAU",869,1399.09,1758
2020,"BUREAU",869,1399.09,1909
2021,"BUREAU",869,1399.09,1665
2022,"BUREAU",869,1399.09,1799
2005,"CALHOUN",253,407.33,3042
2006,"CALHOUN",253,407.33,3255
2007,"CALHOUN",253,407.33,2938
2008,"CALHOUN",253,407.33,2781
2009,"CALHOUN",253,407.33,2969
2010,"CALHOUN",253,407.33,2474
2011,"CALHOUN",253,407.33,2460
2012,"CALHOUN",253,407.33,2191
2013,"CALHOUN",253,407.33,1808
2014,"CALHOUN",253,407.33,1538
2015,"CALHOUN",253,407.33,1783
2016,"CALHOUN",253,407.33,1527
2017,"CALHOUN",253,407.33,1585
2018,"CALHOUN",253,407.33,1710
2019,"CALHOUN",253,407.33,1838
2020,"CALHOUN",253,407.33,1849
2021,"CALHOUN",253,407.33,1514
2022,"CALHOUN",253,407.33,1574
2005,"CARROLL",445,716.45,1919
2006,"CARROLL",445,716.45,1879
2007,"CARROLL",445,716.45,1932
2008,"CARROLL",445,716.45,1919
2009,"CARROLL",445,716.45,1975
2010,"CARROLL",445,716.45,1995
2011,"CARROLL",445,716.45,1691
2012,"CARROLL",445,716.45,2047
2013,"CARROLL",445,716.45,1604
2014,"CARROLL",445,716.45,1474
2015,"CARROLL",445,716.45,1531
2016,"CARROLL",445,716.45,1446
2017,"CARROLL",445,716.45,1383
2018,"CARROLL",445,716.45,1375
2019,"CARROLL",445,716.45,1350
2020,"CARROLL",445,716.45,1304
2021,"CARROLL",445,716.45,1056
2022,"CARROLL",445,716.45,1160
2005,"CASS",375,603.75,1774
2006,"CASS",375,603.75,1744
2007,"CASS",375,603.75,1641
2008,"CASS",375,603.75,1453
2009,"CASS",375,603.75,1563
2010,"CASS",375,603.75,1412
2011,"CASS",375,603.75,1373
2012,"CASS",375,603.75,1537
2013,"CASS",375,603.75,1192
2014,"CASS",375,603.75,1214
2015,"CASS",375,603.75,1407
2016,"CASS",375,603.75,1262
2017,"CASS",375,603.75,1303
2018,"CASS",375,603.75,1395
2019,"CASS",375,603.75,1317
2020,"CASS",375,603.75,1445
2021,"CASS",375,603.75,1291
2022,"CASS",375,603.75,1406
2005,"CHAMPAIGN",996,1603.56,816
2006,"CHAMPAIGN",996,1603.56,804
2007,"CHAMPAIGN",996,1603.56,847
2008,"CHAMPAIGN",996,1603.56,755
2009,"CHAMPAIGN",996,1603.56,753
2010,"CHAMPAIGN",996,1603.56,786
2011,"CHAMPAIGN",996,1603.56,786
2012,"CHAMPAIGN",996,1603.56,769
2013,"CHAMPAIGN",996,1603.56,600
2014,"CHAMPAIGN",996,1603.56,559
2015,"CHAMPAIGN",996,1603.56,546
2016,"CHAMPAIGN",996,1603.56,554
2017,"CHAMPAIGN",996,1603.56,598
2018,"CHAMPAIGN",996,1603.56,601
2019,"CHAMPAIGN",996,1603.56,637
2020,"CHAMPAIGN",996,1603.56,690
2021,"CHAMPAIGN",996,1603.56,595
2022,"CHAMPAIGN",996,1603.56,623
2005,"CHRISTIAN",709,1141.49,1156
2006,"CHRISTIAN",709,1141.49,1208
2007,"CHRISTIAN",709,1141.49,1289
2008,"CHRISTIAN",709,1141.49,1213
2009,"CHRISTIAN",709,1141.49,1271
2010,"CHRISTIAN",709,1141.49,1201
2011,"CHRISTIAN",709,1141.49,1337
2012,"CHRISTIAN",709,1141.49,1178
2013,"CHRISTIAN",709,1141.49,1053
2014,"CHRISTIAN",709,1141.49,1037
2015,"CHRISTIAN",709,1141.49,1112
2016,"CHRISTIAN",709,1141.49,1102
2017,"CHRISTIAN",709,1141.49,1073
2018,"CHRISTIAN",709,1141.49,1174
2019,"CHRISTIAN",709,1141.49,1166
2020,"CHRISTIAN",709,1141.49,1246
2021,"CHRISTIAN",709,1141.49,1130
2022,"CHRISTIAN",709,1141.49,1147
2005,"CLARK",501,806.61,2446
2006,"CLARK",501,806.61,2373
2007,"CLARK",501,806.61,2548
2008,"CLARK",501,806.61,2329
2009,"CLARK",501,806.61,2423
2010,"CLARK",501,806.61,2484
2011,"CLARK",501,806.61,2504
2012,"CLARK",501,806.61,2591
2013,"CLARK",501,806.61,2066
2014,"CLARK",501,806.61,1854
2015,"CLARK",501,806.61,2026
2016,"CLARK",501,806.61,2005
2017,"CLARK",501,806.61,2056
2018,"CLARK",501,806.61,2144
2019,"CLARK",501,806.61,1982
2020,"CLARK",501,806.61,2124
2021,"CLARK",501,806.61,1908
2022,"CLARK",501,806.61,2078
2005,"CLAY",468,753.48,2491
2006,"CLAY",468,753.48,2488
2007,"CLAY",468,753.48,2560
2008,"CLAY",468,753.48,2277
2009,"CLAY",468,753.48,2246
2010,"CLAY",468,753.48,2248
2011,"CLAY",468,753.48,2319
2012,"CLAY",468,753.48,2017
2013,"CLAY",468,753.48,1544
2014,"CLAY",468,753.48,1698
2015,"CLAY",468,753.48,1783
2016,"CLAY",468,753.48,1757
2017,"CLAY",468,753.48,1796
2018,"CLAY",468,753.48,1950
2019,"CLAY",468,753.48,1930
2020,"CLAY",468,753.48,2179
2021,"CLAY",468,753.48,1979
2022,"CLAY",468,753.48,2205
2005,"CLINTON",474,763.14,1702
2006,"CLINTON",474,763.14,1640
2007,"CLINTON",474,763.14,1577
2008,"CLINTON",474,763.14,1395
2009,"CLINTON",474,763.14,1347
2010,"CLINTON",474,763.14,1305
2011,"CLINTON",474,763.14,1347
2012,"CLINTON",474,763.14,1204
2013,"CLINTON",474,763.14,995
2014,"CLINTON",474,763.14,996
2015,"CLINTON",474,763.14,988
2016,"CLINTON",474,763.14,963
2017,"CLINTON",474,763.14,1119
2018,"CLINTON",474,763.14,1249
2019,"CLINTON",474,763.14,1251
2020,"CLINTON",474,763.14,1408
2021,"CLINTON",474,763.14,1268
2022,"CLINTON",474,763.14,1544
2005,"COLES",508,817.88,1374
2006,"COLES",508,817.88,1356
2007,"COLES",508,817.88,1551
2008,"COLES",508,817.88,1459
2009,"COLES",508,817.88,1457
2010,"COLES",508,817.88,1552
2011,"COLES",508,817.88,1610
2012,"COLES",508,817.88,1405
2013,"COLES",508,817.88,1010
2014,"COLES",508,817.88,997
2015,"COLES",508,817.88,1133
2016,"COLES",508,817.88,1113
2017,"COLES",508,817.88,1268
2018,"COLES",508,817.88,1376
2019,"COLES",508,817.88,1432
2020,"COLES",508,817.88,1545
2021,"COLES",508,817.88,1452
2022,"COLES",508,817.88,1541
2005,"COOK",944,1519.84,167
2006,"COOK",944,1519.84,191
2007,"COOK",944,1519.84,234
2008,"COOK",944,1519.84,201
2009,"COOK",944,1519.84,223
2010,"COOK",944,1519.84,158
2011,"COOK",944,1519.84,167
2012,"COOK",944,1519.84,158
2013,"COOK",944,1519.84,146
2014,"COOK",944,1519.84,119
2015,"COOK",944,1519.84,131
2016,"COOK",944,1519.84,108
2017,"COOK",944,1519.84,121
2018,"COOK",944,1519.84,143
2019,"COOK",944,1519.84,145
2020,"COOK",944,1519.84,191
2021,"COOK",944,1519.84,133
2022,"COOK",944,1519.84,156
2005,"CRAWFORD",443,713.23,2317
2006,"CRAWFORD",443,713.23,2166
2007,"CRAWFORD",443,713.23,2264
2008,"CRAWFORD",443,713.23,2221
2009,"CRAWFORD",443,713.23,2252
2010,"CRAWFORD",443,713.23,2299
2011,"CRAWFORD",443,713.23,2237
2012,"CRAWFORD",443,713.23,2220
2013,"CRAWFORD",443,713.23,1766
2014,"CRAWFORD",443,713.23,1848
2015,"CRAWFORD",443,713.23,1981
2016,"CRAWFORD",443,713.23,1879
2017,"CRAWFORD",443,713.23,2078
2018,"CRAWFORD",443,713.23,2155
2019,"CRAWFORD",443,713.23,1999
2020,"CRAWFORD",443,713.23,2178
2021,"CRAWFORD",443,713.23,1954
2022,"CRAWFORD",443,713.23,1956
2005,"CUMBERLAND",345,555.45,1298
2006,"CUMBERLAND",345,555.45,1373
2007,"CUMBERLAND",345,555.45,1358
2008,"CUMBERLAND",345,555.45,1416
2009,"CUMBERLAND",345,555.45,1442
2010,"CUMBERLAND",345,555.45,1407
2011,"CUMBERLAND",345,555.45,1557
2012,"CUMBERLAND",345,555.45,1521
2013,"CUMBERLAND",345,555.45,1006
2014,"CUMBERLAND",345,555.45,958
2015,"CUMBERLAND",345,555.45,1149
2016,"CUMBERLAND",345,555.45,1127
2017,"CUMBERLAND",345,555.45,1264
2018,"CUMBERLAND",345,555.45,1308
2019,"CUMBERLAND",345,555.45,1430
2020,"CUMBERLAND",345,555.45,1527
2021,"CUMBERLAND",345,555.45,1369
2022,"CUMBERLAND",345,555.45,1422
2005,"DEKALB",631,1015.91,659
2006,"DEKALB",631,1015.91,641
2007,"DEKALB",631,1015.91,614
2008,"DEKALB",631,1015.91,560
2009,"DEKALB",631,1015.91,544
2010,"DEKALB",631,1015.91,542
2011,"DEKALB",631,1015.91,437
2012,"DEKALB",631,1015.91,430
2013,"DEKALB",631,1015.91,356
2014,"DEKALB",631,1015.91,348
2015,"DEKALB",631,1015.91,316
2016,"DEKALB",631,1015.91,353
2017,"DEKALB",631,1015.91,283
2018,"DEKALB",631,1015.91,306
2019,"DEKALB",631,1015.91,321
2020,"DEKALB",631,1015.91,365
2021,"DEKALB",631,1015.91,363
2022,"DEKALB",631,1015.91,333
2005,"DEWITT",397,639.17,1091
2006,"DEWITT",397,639.17,1044
2007,"DEWITT",397,639.17,1056
2008,"DEWITT",397,639.17,1059
2009,"DEWITT",397,639.17,1025
2010,"DEWITT",397,639.17,1074
2011,"DEWITT",397,639.17,1108
2012,"DEWITT",397,639.17,1030
2013,"DEWITT",397,639.17,905
2014,"DEWITT",397,639.17,841
2015,"DEWITT",397,639.17,910
2016,"DEWITT",397,639.17,816
2017,"DEWITT",397,639.17,857
2018,"DEWITT",397,639.17,968
2019,"DEWITT",397,639.17,926
2020,"DEWITT",397,639.17,1045
2021,"DEWITT",397,639.17,904
2022,"DEWITT",397,639.17,949
2005,"DOUGLAS",416,669.76,501
2006,"DOUGLAS",416,669.76,459
2007,"DOUGLAS",416,669.76,469
2008,"DOUGLAS",416,669.76,355
2009,"DOUGLAS",416,669.76,366
2010,"DOUGLAS",416,669.76,373
2011,"DOUGLAS",416,669.76,430
2012,"DOUGLAS",416,669.76,380
2013,"DOUGLAS",416,669.76,297
2014,"DOUGLAS",416,669.76,301
2015,"DOUGLAS",416,669.76,316
2016,"DOUGLAS",416,669.76,284
2017,"DOUGLAS",416,669.76,331
2018,"DOUGLAS",416,669.76,344
2019,"DOUGLAS",416,669.76,335
2020,"DOUGLAS",416,669.76,405
2021,"DOUGLAS",416,669.76,371
2022,"DOUGLAS",416,669.76,405
2005,"DUPAGE",327,526.47,72
2006,"DUPAGE",327,526.47,64
2007,"DUPAGE",327,526.47,72
2008,"DUPAGE",327,526.47,78
2009,"DUPAGE",327,526.47,72
2010,"DUPAGE",327,526.47,69
2011,"DUPAGE",327,526.47,61
2012,"DUPAGE",327,526.47,35
2013,"DUPAGE",327,526.47,42
2014,"DUPAGE",327,526.47,36
2015,"DUPAGE",327,526.47,37
2016,"DUPAGE",327,526.47,35
2017,"DUPAGE",327,526.47,37
2018,"DUPAGE",327,526.47,29
2019,"DUPAGE",327,526.47,42
2020,"DUPAGE",327,526.47,42
2021,"DUPAGE",327,526.47,37
2022,"DUPAGE",327,526.47,34
2005,"EDGAR",623,1003.03,1194
2006,"EDGAR",623,1003.03,1271
2007,"EDGAR",623,1003.03,1372
2008,"EDGAR",623,1003.03,1316
2009,"EDGAR",623,1003.03,1384
2010,"EDGAR",623,1003.03,1430
2011,"EDGAR",623,1003.03,1408
2012,"EDGAR",623,1003.03,1474
2013,"EDGAR",623,1003.03,1272
2014,"EDGAR",623,1003.03,1055
2015,"EDGAR",623,1003.03,1154
2016,"EDGAR",623,1003.03,1069
2017,"EDGAR",623,1003.03,1066
2018,"EDGAR",623,1003.03,1057
2019,"EDGAR",623,1003.03,1068
2020,"EDGAR",623,1003.03,1174
2021,"EDGAR",623,1003.03,1068
2022,"EDGAR",623,1003.03,1164
2005,"EDWARDS",222,357.42,914
2006,"EDWARDS",222,357.42,879
2007,"EDWARDS",222,357.42,859
2008,"EDWARDS",222,357.42,817
2009,"EDWARDS",222,357.42,842
2010,"EDWARDS",222,357.42,846
2011,"EDWARDS",222,357.42,763
2012,"EDWARDS",222,357.42,739
2013,"EDWARDS",222,357.42,690
2014,"EDWARDS",222,357.42,753
2015,"EDWARDS",222,357.42,785
2016,"EDWARDS",222,357.42,656
2017,"EDWARDS",222,357.42,672
2018,"EDWARDS",222,357.42,686
2019,"EDWARDS",222,357.42,714
2020,"EDWARDS",222,357.42,739
2021,"EDWARDS",222,357.42,696
2022,"EDWARDS",222,357.42,785
2005,"EFFINGHAM",478,769.58,1720
2006,"EFFINGHAM",478,769.58,1790
2007,"EFFINGHAM",478,769.58,1707
2008,"EFFINGHAM",478,769.58,1655
2009,"EFFINGHAM",478,769.58,1679
2010,"EFFINGHAM",478,769.58,1574
2011,"EFFINGHAM",478,769.58,1691
2012,"EFFINGHAM",478,769.58,1522
2013,"EFFINGHAM",478,769.58,1168
2014,"EFFINGHAM",478,769.58,1128
2015,"EFFINGHAM",478,769.58,1327
2016,"EFFINGHAM",478,769.58,1294
2017,"EFFINGHAM",478,769.58,1350
2018,"EFFINGHAM",478,769.58,1541
2019,"EFFINGHAM",478,769.58,1685
2020,"EFFINGHAM",478,769.58,1831
2021,"EFFINGHAM",478,769.58,1813
2022,"EFFINGHAM",478,769.58,1838
2005,"FAYETTE",716,1152.76,3511
2006,"FAYETTE",716,1152.76,3439
2007,"FAYETTE",716,1152.76,3536
2008,"FAYETTE",716,1152.76,3340
2009,"FAYETTE",716,1152.76,3176
2010,"FAYETTE",716,1152.76,2882
2011,"FAYETTE",716,1152.76,3181
2012,"FAYETTE",716,1152.76,2805
2013,"FAYETTE",716,1152.76,2312
2014,"FAYETTE",716,1152.76,2177
2015,"FAYETTE",716,1152.76,2389
2016,"FAYETTE",716,1152.76,2261
2017,"FAYETTE",716,1152.76,2377
2018,"FAYETTE",716,1152.76,2558
2019,"FAYETTE",716,1152.76,2705
2020,"FAYETTE",716,1152.76,2930
2021,"FAYETTE",716,1152.76,2738
2022,"FAYETTE",716,1152.76,2998
2005,"FORD",485,780.85,260
2006,"FORD",485,780.85,215
2007,"FORD",485,780.85,212
2008,"FORD",485,780.85,244
2009,"FORD",485,780.85,199
2010,"FORD",485,780.85,204
2011,"FORD",485,780.85,222
2012,"FORD",485,780.85,211
2013,"FORD",485,780.85,186
2014,"FORD",485,780.85,171
2015,"FORD",485,780.85,192
2016,"FORD",485,780.85,176
2017,"FORD",485,780.85,171
2018,"FORD",485,780.85,172
2019,"FORD",485,780.85,175
2020,"FORD",485,780.85,193
2021,"FORD",485,780.85,165
2022,"FORD",485,780.85,204
2005,"FRANKLIN",408,656.88,2641
2006,"FRANKLIN",408,656.88,2498
2007,"FRANKLIN",408,656.88,2337
2008,"FRANKLIN",408,656.88,2166
2009,"FRANKLIN",408,656.88,2087
2010,"FRANKLIN",408,656.88,2109
2011,"FRANKLIN",408,656.88,2186
2012,"FRANKLIN",408,656.88,2256
2013,"FRANKLIN",408,656.88,2135
2014,"FRANKLIN",408,656.88,2257
2015,"FRANKLIN",408,656.88,2493
2016,"FRANKLIN",408,656.88,2375
2017,"FRANKLIN",408,656.88,2477
2018,"FRANKLIN",408,656.88,2582
2019,"FRANKLIN",408,656.88,2723
2020,"FRANKLIN",408,656.88,2715
2021,"FRANKLIN",408,656.88,2409
2022,"FRANKLIN",408,656.88,2677
2005,"FULTON",865,1392.65,4858
2006,"FULTON",865,1392.65,4535
2007,"FULTON",865,1392.65,4768
2008,"FULTON",865,1392.65,5071
2009,"FULTON",865,1392.65,5348
2010,"FULTON",865,1392.65,5008
2011,"FULTON",865,1392.65,5170
2012,"FULTON",865,1392.65,5717
2013,"FULTON",865,1392.65,4085
2014,"FULTON",865,1392.65,4166
2015,"FULTON",865,1392.65,4378
2016,"FULTON",865,1392.65,4020
2017,"FULTON",865,1392.65,4052
2018,"FULTON",865,1392.65,3978
2019,"FULTON",865,1392.65,4028
2020,"FULTON",865,1392.65,4106
2021,"FULTON",865,1392.65,3723
2022,"FULTON",865,1392.65,3893
2005,"GALLATIN",322,518.42,1072
2006,"GALLATIN",322,518.42,1073
2007,"GALLATIN",322,518.42,1080
2008,"GALLATIN",322,518.42,982
2009,"GALLATIN",322,518.42,1091
2010,"GALLATIN",322,518.42,1034
2011,"GALLATIN",322,518.42,1002
2012,"GALLATIN",322,518.42,861
2013,"GALLATIN",322,518.42,830
2014,"GALLATIN",322,518.42,838
2015,"GALLATIN",322,518.42,909
2016,"GALLATIN",322,518.42,765
2017,"GALLATIN",322,518.42,762
2018,"GALLATIN",322,518.42,704
2019,"GALLATIN",322,518.42,739
2020,"GALLATIN",322,518.42,802
2021,"GALLATIN",322,518.42,677
2022,"GALLATIN",322,518.42,797
2005,"GREENE",543,874.23,3130
2006,"GREENE",543,874.23,2859
2007,"GREENE",543,874.23,2826
2008,"GREENE",543,874.23,2599
2009,"GREENE",543,874.23,2525
2010,"GREENE",543,874.23,2584
2011,"GREENE",543,874.23,2507
2012,"GREENE",543,874.23,2508
2013,"GREENE",543,874.23,1877
2014,"GREENE",543,874.23,1773
2015,"GREENE",543,874.23,1906
2016,"GREENE",543,874.23,1797
2017,"GREENE",543,874.23,1948
2018,"GREENE",543,874.23,1965
2019,"GREENE",543,874.23,2074
2020,"GREENE",543,874.23,2207
2021,"GREENE",543,874.23,1897
2022,"GREENE",543,874.23,2012
2005,"GRUNDY",418,672.98,1103
2006,"GRUNDY",418,672.98,1051
2007,"GRUNDY",418,672.98,1157
2008,"GRUNDY",418,672.98,972
2009,"GRUNDY",418,672.98,994
2010,"GRUNDY",418,672.98,1042
2011,"GRUNDY",418,672.98,1039
2012,"GRUNDY",418,672.98,1006
2013,"GRUNDY",418,672.98,821
2014,"GRUNDY",418,672.98,784
2015,"GRUNDY",418,672.98,811
2016,"GRUNDY",418,672.98,681
2017,"GRUNDY",418,672.98,682
2018,"GRUNDY",418,672.98,702
2019,"GRUNDY",418,672.98,682
2020,"GRUNDY",418,672.98,713
2021,"GRUNDY",418,672.98,653
2022,"GRUNDY",418,672.98,736
2005,"HAMILTON",434,698.74,2404
2006,"HAMILTON",434,698.74,2310
2007,"HAMILTON",434,698.74,2365
2008,"HAMILTON",434,698.74,2188
2009,"HAMILTON",434,698.74,2117
2010,"HAMILTON",434,698.74,2079
2011,"HAMILTON",434,698.74,2010
2012,"HAMILTON",434,698.74,1958
2013,"HAMILTON",434,698.74,1854
2014,"HAMILTON",434,698.74,1965
2015,"HAMILTON",434,698.74,2032
2016,"HAMILTON",434,698.74,2018
2017,"HAMILTON",434,698.74,2044
2018,"HAMILTON",434,698.74,2027
2019,"HAMILTON",434,698.74,2171
2020,"HAMILTON",434,698.74,2350
2021,"HAMILTON",434,698.74,2008
2022,"HAMILTON",434,698.74,2237
2005,"HANCOCK",793,1276.73,3641
2006,"HANCOCK",793,1276.73,3487
2007,"HANCOCK",793,1276.73,3628
2008,"HANCOCK",793,1276.73,3661
2009,"HANCOCK",793,1276.73,3375
2010,"HANCOCK",793,1276.73,3130
2011,"HANCOCK",793,1276.73,3227
2012,"HANCOCK",793,1276.73,3344
2013,"HANCOCK",793,1276.73,2668
2014,"HANCOCK",793,1276.73,2543
2015,"HANCOCK",793,1276.73,2636
2016,"HANCOCK",793,1276.73,2486
2017,"HANCOCK",793,1276.73,2720
2018,"HANCOCK",793,1276.73,2720
2019,"HANCOCK",793,1276.73,2713
2020,"HANCOCK",793,1276.73,3009
2021,"HANCOCK",793,1276.73,2699
2022,"HANCOCK",793,1276.73,3077
2005,"HARDIN",177,284.97,1526
2006,"HARDIN",177,284.97,1475
2007,"HARDIN",177,284.97,1654
2008,"HARDIN",177,284.97,1594
2009,"HARDIN",177,284.97,1497
2010,"HARDIN",177,284.97,1476
2011,"HARDIN",177,284.97,1667
2012,"HARDIN",177,284.97,1559
2013,"HARDIN",177,284.97,1442
2014,"HARDIN",177,284.97,1352
2015,"HARDIN",177,284.97,1497
2016,"HARDIN",177,284.97,1349
2017,"HARDIN",177,284.97,1485
2018,"HARDIN",177,284.97,1363
2019,"HARDIN",177,284.97,1416
2020,"HARDIN",177,284.97,1191
2021,"HARDIN",177,284.97,1118
2022,"HARDIN",177,284.97,1212
2005,"HENDERSON",378,608.58,1247
2006,"HENDERSON",378,608.58,1138
2007,"HENDERSON",378,608.58,1108
2008,"HENDERSON",378,608.58,992
2009,"HENDERSON",378,608.58,1021
2010,"HENDERSON",378,608.58,979
2011,"HENDERSON",378,608.58,968
2012,"HENDERSON",378,608.58,1032
2013,"HENDERSON",378,608.58,869
2014,"HENDERSON",378,608.58,912
2015,"HENDERSON",378,608.58,978
2016,"HENDERSON",378,608.58,884
2017,"HENDERSON",378,608.58,851
2018,"HENDERSON",378,608.58,799
2019,"HENDERSON",378,608.58,806
2020,"HENDERSON",378,608.58,968
2021,"HENDERSON",378,608.58,860
2022,"HENDERSON",378,608.58,893
2005,"HENRY",822,1323.42,1596
2006,"HENRY",822,1323.42,1525
2007,"HENRY",822,1323.42,1634
2008,"HENRY",822,1323.42,1578
2009,"HENRY",822,1323.42,1507
2010,"HENRY",822,1323.42,1476
2011,"HENRY",822,1323.42,1338
2012,"HENRY",822,1323.42,1427
2013,"HENRY",822,1323.42,1141
2014,"HENRY",822,1323.42,1126
2015,"HENRY",822,1323.42,1248
2016,"HENRY",822,1323.42,1060
2017,"HENRY",822,1323.42,1038
2018,"HENRY",822,1323.42,1032
2019,"HENRY",822,1323.42,992
2020,"HENRY",822,1323.42,1074
2021,"HENRY",822,1323.42,961
2022,"HENRY",822,1323.42,985
2005,"IROQUOIS",1117,1798.37,1252
2006,"IROQUOIS",1117,1798.37,1209
2007,"IROQUOIS",1117,1798.37,1308
2008,"IROQUOIS",1117,1798.37,1337
2009,"IROQUOIS",1117,1798.37,1215
2010,"IROQUOIS",1117,1798.37,1301
2011,"IROQUOIS",1117,1798.37,1346
2012,"IROQUOIS",1117,1798.37,1368
2013,"IROQUOIS",1117,1798.37,1133
2014,"IROQUOIS",1117,1798.37,964
2015,"IROQUOIS",1117,1798.37,978
2016,"IROQUOIS",1117,1798.37,913
2017,"IROQUOIS",1117,1798.37,929
2018,"IROQUOIS",1117,1798.37,889
2019,"IROQUOIS",1117,1798.37,974
2020,"IROQUOIS",1117,1798.37,1072
2021,"IROQUOIS",1117,1798.37,892
2022,"IROQUOIS",1117,1798.37,993
2005,"JACKSON",584,940.24,3483
2006,"JACKSON",584,940.24,3567
2007,"JACKSON",584,940.24,3581
2008,"JACKSON",584,940.24,3416
2009,"JACKSON",584,940.24,3025
2010,"JACKSON",584,940.24,3173
2011,"JACKSON",584,940.24,3210
2012,"JACKSON",584,940.24,3181
2013,"JACKSON",584,940.24,3135
2014,"JACKSON",584,940.24,3333
2015,"JACKSON",584,940.24,3575
2016,"JACKSON",584,940.24,3410
2017,"JACKSON",584,940.24,3584
2018,"JACKSON",584,940.24,3710
2019,"JACKSON",584,940.24,3545
2020,"JACKSON",584,940.24,3597
2021,"JACKSON",584,940.24,3054
2022,"JACKSON",584,940.24,3464
2005,"JASPER",494,795.34,2236
2006,"JASPER",494,795.34,2188
2007,"JASPER",494,795.34,2322
2008,"JASPER",494,795.34,2177
2009,"JASPER",494,795.34,2005
2010,"JASPER",494,795.34,1953
2011,"JASPER",494,795.34,1965
2012,"JASPER",494,795.34,1786
2013,"JASPER",494,795.34,1348
2014,"JASPER",494,795.34,1383
2015,"JASPER",494,795.34,1521
2016,"JASPER",494,795.34,1533
2017,"JASPER",494,795.34,1643
2018,"JASPER",494,795.34,1753
2019,"JASPER",494,795.34,1860
2020,"JASPER",494,795.34,2024
2021,"JASPER",494,795.34,1966
2022,"JASPER",494,795.34,2073
2005,"JEFFERSON",571,919.31,4797
2006,"JEFFERSON",571,919.31,4698
2007,"JEFFERSON",571,919.31,4903
2008,"JEFFERSON",571,919.31,4471
2009,"JEFFERSON",571,919.31,4617
2010,"JEFFERSON",571,919.31,4238
2011,"JEFFERSON",571,919.31,4360
2012,"JEFFERSON",571,919.31,4268
2013,"JEFFERSON",571,919.31,3733
2014,"JEFFERSON",571,919.31,3491
2015,"JEFFERSON",571,919.31,3525
2016,"JEFFERSON",571,919.31,3286
2017,"JEFFERSON",571,919.31,3642
2018,"JEFFERSON",571,919.31,3550
2019,"JEFFERSON",571,919.31,3809
2020,"JEFFERSON",571,919.31,3999
2021,"JEFFERSON",571,919.31,3792
2022,"JEFFERSON",571,919.31,3931
2005,"JERSEY",369,594.09,2050
2006,"JERSEY",369,594.09,2150
2007,"JERSEY",369,594.09,1938
2008,"JERSEY",369,594.09,1890
2009,"JERSEY",369,594.09,1761
2010,"JERSEY",369,594.09,1675
2011,"JERSEY",369,594.09,1683
2012,"JERSEY",369,594.09,1720
2013,"JERSEY",369,594.09,1339
2014,"JERSEY",369,594.09,1147
2015,"JERSEY",369,594.09,1191
2016,"JERSEY",369,594.09,1185
2017,"JERSEY",369,594.09,1168
2018,"JERSEY",369,594.09,1256
2019,"JERSEY",369,594.09,1326
2020,"JERSEY",369,594.09,1354
2021,"JERSEY",369,594.09,1225
2022,"JERSEY",369,594.09,1328
2005,"JO DAVIESS",600,966,3695
2006,"JO DAVIESS",600,966,3889
2007,"JO DAVIESS",600,966,4101
2008,"JO DAVIESS",600,966,3720
2009,"JO DAVIESS",600,966,4164
2010,"JO DAVIESS",600,966,3961
2011,"JO DAVIESS",600,966,3886
2012,"JO DAVIESS",600,966,4364
2013,"JO DAVIESS",600,966,3556
2014,"JO DAVIESS",600,966,3763
2015,"JO DAVIESS",600,966,3832
2016,"JO DAVIESS",600,966,3493
2017,"JO DAVIESS",600,966,3326
2018,"JO DAVIESS",600,966,3340
2019,"JO DAVIESS",600,966,2998
2020,"JO DAVIESS",600,966,3229
2021,"JO DAVIESS",600,966,2589
2022,"JO DAVIESS",600,966,2649
2005,"JOHNSON",343,552.23,2707
2006,"JOHNSON",343,552.23,2700
2007,"JOHNSON",343,552.23,2836
2008,"JOHNSON",343,552.23,2762
2009,"JOHNSON",343,552.23,2706
2010,"JOHNSON",343,552.23,2745
2011,"JOHNSON",343,552.23,2766
2012,"JOHNSON",343,552.23,2451
2013,"JOHNSON",343,552.23,2255
2014,"JOHNSON",343,552.23,2430
2015,"JOHNSON",343,552.23,2509
2016,"JOHNSON",343,552.23,2356
2017,"JOHNSON",343,552.23,2355
2018,"JOHNSON",343,552.23,2302
2019,"JOHNSON",343,552.23,2266
2020,"JOHNSON",343,552.23,2262
2021,"JOHNSON",343,552.23,2018
2022,"JOHNSON",343,552.23,2146
2005,"KANE",519,835.59,541
2006,"KANE",519,835.59,496
2007,"KANE",519,835.59,482
2008,"KANE",519,835.59,483
2009,"KANE",519,835.59,497
2010,"KANE",519,835.59,493
2011,"KANE",519,835.59,454
2012,"KANE",519,835.59,421
2013,"KANE",519,835.59,364
2014,"KANE",519,835.59,410
2015,"KANE",519,835.59,378
2016,"KANE",519,835.59,300
2017,"KANE",519,835.59,342
2018,"KANE",519,835.59,365
2019,"KANE",519,835.59,360
2020,"KANE",519,835.59,447
2021,"KANE",519,835.59,378
2022,"KANE",519,835.59,340
2005,"KANKAKEE",676,1088.36,633
2006,"KANKAKEE",676,1088.36,556
2007,"KANKAKEE",676,1088.36,626
2008,"KANKAKEE",676,1088.36,579
2009,"KANKAKEE",676,1088.36,573
2010,"KANKAKEE",676,1088.36,567
2011,"KANKAKEE",676,1088.36,564
2012,"KANKAKEE",676,1088.36,597
2013,"KANKAKEE",676,1088.36,585
2014,"KANKAKEE",676,1088.36,515
2015,"KANKAKEE",676,1088.36,546
2016,"KANKAKEE",676,1088.36,546
2017,"KANKAKEE",676,1088.36,506
2018,"KANKAKEE",676,1088.36,599
2019,"KANKAKEE",676,1088.36,558
2020,"KANKAKEE",676,1088.36,592
2021,"KANKAKEE",676,1088.36,527
2022,"KANKAKEE",676,1088.36,553
2005,"KENDALL",320,515.2,383
2006,"KENDALL",320,515.2,355
2007,"KENDALL",320,515.2,341
2008,"KENDALL",320,515.2,342
2009,"KENDALL",320,515.2,387
2010,"KENDALL",320,515.2,345
2011,"KENDALL",320,515.2,351
2012,"KENDALL",320,515.2,403
2013,"KENDALL",320,515.2,370
2014,"KENDALL",320,515.2,292
2015,"KENDALL",320,515.2,318
2016,"KENDALL",320,515.2,297
2017,"KENDALL",320,515.2,282
2018,"KENDALL",320,515.2,293
2019,"KENDALL",320,515.2,290
2020,"KENDALL",320,515.2,321
2021,"KENDALL",320,515.2,297
2022,"KENDALL",320,515.2,253
2005,"KNOX",716,1152.76,2873
2006,"KNOX",716,1152.76,2487
2007,"KNOX",716,1152.76,2965
2008,"KNOX",716,1152.76,2980
2009,"KNOX",716,1152.76,2967
2010,"KNOX",716,1152.76,2865
2011,"KNOX",716,1152.76,2855
2012,"KNOX",716,1152.76,3000
2013,"KNOX",716,1152.76,2248
2014,"KNOX",716,1152.76,2462
2015,"KNOX",716,1152.76,2535
2016,"KNOX",716,1152.76,2309
2017,"KNOX",716,1152.76,2252
2018,"KNOX",716,1152.76,2293
2019,"KNOX",716,1152.76,2262
2020,"KNOX",716,1152.76,2497
2021,"KNOX",716,1152.76,2237
2022,"KNOX",716,1152.76,2310
2005,"LAKE",443,713.23,463
2006,"LAKE",443,713.23,488
2007,"LAKE",443,713.23,464
2008,"LAKE",443,713.23,453
2009,"LAKE",443,713.23,492
2010,"LAKE",443,713.23,454
2011,"LAKE",443,713.23,451
2012,"LAKE",443,713.23,431
2013,"LAKE",443,713.23,426
2014,"LAKE",443,713.23,463
2015,"LAKE",443,713.23,465
2016,"LAKE",443,713.23,277
2017,"LAKE",443,713.23,326
2018,"LAKE",443,713.23,310
2019,"LAKE",443,713.23,295
2020,"LAKE",443,713.23,385
2021,"LAKE",443,713.23,257
2022,"LAKE",443,713.23,289
2005,"LASALLE",1135,1827.35,2990
2006,"LASALLE",1135,1827.35,2795
2007,"LASALLE",1135,1827.35,3170
2008,"LASALLE",1135,1827.35,2880
2009,"LASALLE",1135,1827.35,2947
2010,"LASALLE",1135,1827.35,2765
2011,"LASALLE",1135,1827.35,2499
2012,"LASALLE",1135,1827.35,2457
2013,"LASALLE",1135,1827.35,1892
2014,"LASALLE",1135,1827.35,1747
2015,"LASALLE",1135,1827.35,1786
2016,"LASALLE",1135,1827.35,1640
2017,"LASALLE",1135,1827.35,1480
2018,"LASALLE",1135,1827.35,1700
2019,"LASALLE",1135,1827.35,1584
2020,"LASALLE",1135,1827.35,1790
2021,"LASALLE",1135,1827.35,1469
2022,"LASALLE",1135,1827.35,1637
2005,"LAWRENCE",372,598.92,1433
2006,"LAWRENCE",372,598.92,1383
2007,"LAWRENCE",372,598.92,1235
2008,"LAWRENCE",372,598.92,1122
2009,"LAWRENCE",372,598.92,1250
2010,"LAWRENCE",372,598.92,1135
2011,"LAWRENCE",372,598.92,1080
2012,"LAWRENCE",372,598.92,1044
2013,"LAWRENCE",372,598.92,956
2014,"LAWRENCE",372,598.92,1075
2015,"LAWRENCE",372,598.92,1171
2016,"LAWRENCE",372,598.92,1108
2017,"LAWRENCE",372,598.92,1147
2018,"LAWRENCE",372,598.92,1128
2019,"LAWRENCE",372,598.92,1193
2020,"LAWRENCE",372,598.92,1208
2021,"LAWRENCE",372,598.92,1062
2022,"LAWRENCE",372,598.92,1222
2005,"LEE",724,1165.64,1542
2006,"LEE",724,1165.64,1439
2007,"LEE",724,1165.64,1390
2008,"LEE",724,1165.64,1298
2009,"LEE",724,1165.64,1254
2010,"LEE",724,1165.64,1302
2011,"LEE",724,1165.64,1335
2012,"LEE",724,1165.64,1350
2013,"LEE",724,1165.64,1182
2014,"LEE",724,1165.64,1117
2015,"LEE",724,1165.64,1184
2016,"LEE",724,1165.64,1044
2017,"LEE",724,1165.64,999
2018,"LEE",724,1165.64,1012
2019,"LEE",724,1165.64,971
2020,"LEE",724,1165.64,1155
2021,"LEE",724,1165.64,1060
2022,"LEE",724,1165.64,1128
2005,"LIVINGSTON",1043,1679.23,972
2006,"LIVINGSTON",1043,1679.23,913
2007,"LIVINGSTON",1043,1679.23,989
2008,"LIVINGSTON",1043,1679.23,939
2009,"LIVINGSTON",1043,1679.23,854
2010,"LIVINGSTON",1043,1679.23,995
2011,"LIVINGSTON",1043,1679.23,893
2012,"LIVINGSTON",1043,1679.23,966
2013,"LIVINGSTON",1043,1679.23,725
2014,"LIVINGSTON",1043,1679.23,710
2015,"LIVINGSTON",1043,1679.23,750
2016,"LIVINGSTON",1043,1679.23,657
2017,"LIVINGSTON",1043,1679.23,619
2018,"LIVINGSTON",1043,1679.23,682
2019,"LIVINGSTON",1043,1679.23,653
2020,"LIVINGSTON",1043,1679.23,712
2021,"LIVINGSTON",1043,1679.23,680
2022,"LIVINGSTON",1043,1679.23,684
2005,"LOGAN",618,994.98,858
2006,"LOGAN",618,994.98,781
2007,"LOGAN",618,994.98,868
2008,"LOGAN",618,994.98,796
2009,"LOGAN",618,994.98,797
2010,"LOGAN",618,994.98,836
2011,"LOGAN",618,994.98,804
2012,"LOGAN",618,994.98,892
2013,"LOGAN",618,994.98,660
2014,"LOGAN",618,994.98,657
2015,"LOGAN",618,994.98,743
2016,"LOGAN",618,994.98,648
2017,"LOGAN",618,994.98,666
2018,"LOGAN",618,994.98,760
2019,"LOGAN",618,994.98,858
2020,"LOGAN",618,994.98,840
2021,"LOGAN",618,994.98,716
2022,"LOGAN",618,994.98,751
2005,"MACON",580,933.8,866
2006,"MACON",580,933.8,852
2007,"MACON",580,933.8,921
2008,"MACON",580,933.8,934
2009,"MACON",580,933.8,941
2010,"MACON",580,933.8,970
2011,"MACON",580,933.8,1025
2012,"MACON",580,933.8,829
2013,"MACON",580,933.8,786
2014,"MACON",580,933.8,761
2015,"MACON",580,933.8,761
2016,"MACON",580,933.8,704
2017,"MACON",580,933.8,731
2018,"MACON",580,933.8,737
2019,"MACON",580,933.8,770
2020,"MACON",580,933.8,882
2021,"MACON",580,933.8,740
2022,"MACON",580,933.8,696
2005,"MACOUPIN",862,1387.82,3860
2006,"MACOUPIN",862,1387.82,3525
2007,"MACOUPIN",862,1387.82,3642
2008,"MACOUPIN",862,1387.82,3171
2009,"MACOUPIN",862,1387.82,3066
2010,"MACOUPIN",862,1387.82,2968
2011,"MACOUPIN",862,1387.82,3084
2012,"MACOUPIN",862,1387.82,3082
2013,"MACOUPIN",862,1387.82,2368
2014,"MACOUPIN",862,1387.82,2282
2015,"MACOUPIN",862,1387.82,2562
2016,"MACOUPIN",862,1387.82,2374
2017,"MACOUPIN",862,1387.82,2608
2018,"MACOUPIN",862,1387.82,2960
2019,"MACOUPIN",862,1387.82,3038
2020,"MACOUPIN",862,1387.82,3124
2021,"MACOUPIN",862,1387.82,2924
2022,"MACOUPIN",862,1387.82,3072
2005,"MADISON",716,1152.76,2478
2006,"MADISON",716,1152.76,2478
2007,"MADISON",716,1152.76,2544
2008,"MADISON",716,1152.76,2156
2009,"MADISON",716,1152.76,2173
2010,"MADISON",716,1152.76,2207
2011,"MADISON",716,1152.76,2225
2012,"MADISON",716,1152.76,2270
2013,"MADISON",716,1152.76,1683
2014,"MADISON",716,1152.76,1602
2015,"MADISON",716,1152.76,1717
2016,"MADISON",716,1152.76,1456
2017,"MADISON",716,1152.76,1613
2018,"MADISON",716,1152.76,1796
2019,"MADISON",716,1152.76,1729
2020,"MADISON",716,1152.76,1892
2021,"MADISON",716,1152.76,1782
2022,"MADISON",716,1152.76,1883
2005,"MARION",572,920.92,3714
2006,"MARION",572,920.92,3701
2007,"MARION",572,920.92,3897
2008,"MARION",572,920.92,3572
2009,"MARION",572,920.92,3624
2010,"MARION",572,920.92,3368
2011,"MARION",572,920.92,3396
2012,"MARION",572,920.92,3293
2013,"MARION",572,920.92,2708
2014,"MARION",572,920.92,2637
2015,"MARION",572,920.92,2736
2016,"MARION",572,920.92,2576
2017,"MARION",572,920.92,2798
2018,"MARION",572,920.92,2833
2019,"MARION",572,920.92,2947
2020,"MARION",572,920.92,3077
2021,"MARION",572,920.92,2953
2022,"MARION",572,920.92,3264
2005,"MARSHALL",386,621.46,1305
2006,"MARSHALL",386,621.46,1177
2007,"MARSHALL",386,621.46,1387
2008,"MARSHALL",386,621.46,1332
2009,"MARSHALL",386,621.46,1361
2010,"MARSHALL",386,621.46,1309
2011,"MARSHALL",386,621.46,1276
2012,"MARSHALL",386,621.46,1232
2013,"MARSHALL",386,621.46,1019
2014,"MARSHALL",386,621.46,1000
2015,"MARSHALL",386,621.46,1038
2016,"MARSHALL",386,621.46,940
2017,"MARSHALL",386,621.46,946
2018,"MARSHALL",386,621.46,981
2019,"MARSHALL",386,621.46,1009
2020,"MARSHALL",386,621.46,1072
2021,"MARSHALL",386,621.46,955
2022,"MARSHALL",386,621.46,1005
2005,"MASON",539,867.79,1311
2006,"MASON",539,867.79,1162
2007,"MASON",539,867.79,1212
2008,"MASON",539,867.79,1166
2009,"MASON",539,867.79,1230
2010,"MASON",539,867.79,1084
2011,"MASON",539,867.79,1087
2012,"MASON",539,867.79,1043
2013,"MASON",539,867.79,795
2014,"MASON",539,867.79,777
2015,"MASON",539,867.79,866
2016,"MASON",539,867.79,785
2017,"MASON",539,867.79,794
2018,"MASON",539,867.79,888
2019,"MASON",539,867.79,894
2020,"MASON",539,867.79,976
2021,"MASON",539,867.79,882
2022,"MASON",539,867.79,935
2005,"MASSAC",237,381.57,1156
2006,"MASSAC",237,381.57,1151
2007,"MASSAC",237,381.57,1227
2008,"MASSAC",237,381.57,1159
2009,"MASSAC",237,381.57,1049
2010,"MASSAC",237,381.57,1136
2011,"MASSAC",237,381.57,1118
2012,"MASSAC",237,381.57,1136
2013,"MASSAC",237,381.57,1012
2014,"MASSAC",237,381.57,998
2015,"MASSAC",237,381.57,1078
2016,"MASSAC",237,381.57,960
2017,"MASSAC",237,381.57,887
2018,"MASSAC",237,381.57,813
2019,"MASSAC",237,381.57,866
2020,"MASSAC",237,381.57,822
2021,"MASSAC",237,381.57,780
2022,"MASSAC",237,381.57,795
2005,"MCDONOUGH",589,948.29,2033
2006,"MCDONOUGH",589,948.29,1855
2007,"MCDONOUGH",589,948.29,2008
2008,"MCDONOUGH",589,948.29,1945
2009,"MCDONOUGH",589,948.29,2085
2010,"MCDONOUGH",589,948.29,1883
2011,"MCDONOUGH",589,948.29,1883
2012,"MCDONOUGH",589,948.29,1828
2013,"MCDONOUGH",589,948.29,1463
2014,"MCDONOUGH",589,948.29,1384
2015,"MCDONOUGH",589,948.29,1485
2016,"MCDONOUGH",589,948.29,1516
2017,"MCDONOUGH",589,948.29,1505
2018,"MCDONOUGH",589,948.29,1595
2019,"MCDONOUGH",589,948.29,1429
2020,"MCDONOUGH",589,948.29,1606
2021,"MCDONOUGH",589,948.29,1529
2022,"MCDONOUGH",589,948.29,1617
2005,"MCHENRY",603,970.83,1254
2006,"MCHENRY",603,970.83,1265
2007,"MCHENRY",603,970.83,1267
2008,"MCHENRY",603,970.83,1070
2009,"MCHENRY",603,970.83,1140
2010,"MCHENRY",603,970.83,948
2011,"MCHENRY",603,970.83,989
2012,"MCHENRY",603,970.83,1066
2013,"MCHENRY",603,970.83,897
2014,"MCHENRY",603,970.83,960
2015,"MCHENRY",603,970.83,1039
2016,"MCHENRY",603,970.83,908
2017,"MCHENRY",603,970.83,842
2018,"MCHENRY",603,970.83,915
2019,"MCHENRY",603,970.83,873
2020,"MCHENRY",603,970.83,1045
2021,"MCHENRY",603,970.83,962
2022,"MCHENRY",603,970.83,953
2005,"MCLEAN",1183,1904.63,1506
2006,"MCLEAN",1183,1904.63,1434
2007,"MCLEAN",1183,1904.63,1505
2008,"MCLEAN",1183,1904.63,1574
2009,"MCLEAN",1183,1904.63,1520
2010,"MCLEAN",1183,1904.63,1688
2011,"MCLEAN",1183,1904.63,1526
2012,"MCLEAN",1183,1904.63,1630
2013,"MCLEAN",1183,1904.63,1221
2014,"MCLEAN",1183,1904.63,1179
2015,"MCLEAN",1183,1904.63,1169
2016,"MCLEAN",1183,1904.63,1090
2017,"MCLEAN",1183,1904.63,1073
2018,"MCLEAN",1183,1904.63,1165
2019,"MCLEAN",1183,1904.63,1113
2020,"MCLEAN",1183,1904.63,1312
2021,"MCLEAN",1183,1904.63,1084
2022,"MCLEAN",1183,1904.63,1165
2005,"MENARD",314,505.54,1035
2006,"MENARD",314,505.54,1004
2007,"MENARD",314,505.54,998
2008,"MENARD",314,505.54,889
2009,"MENARD",314,505.54,962
2010,"MENARD",314,505.54,856
2011,"MENARD",314,505.54,837
2012,"MENARD",314,505.54,941
2013,"MENARD",314,505.54,667
2014,"MENARD",314,505.54,670
2015,"MENARD",314,505.54,752
2016,"MENARD",314,505.54,731
2017,"MENARD",314,505.54,792
2018,"MENARD",314,505.54,802
2019,"MENARD",314,505.54,847
2020,"MENARD",314,505.54,927
2021,"MENARD",314,505.54,761
2022,"MENARD",314,505.54,834
2005,"MERCER",561,903.21,1552
2006,"MERCER",561,903.21,1623
2007,"MERCER",561,903.21,1595
2008,"MERCER",561,903.21,1515
2009,"MERCER",561,903.21,1526
2010,"MERCER",561,903.21,1601
2011,"MERCER",561,903.21,1560
2012,"MERCER",561,903.21,1585
2013,"MERCER",561,903.21,1371
2014,"MERCER",561,903.21,1358
2015,"MERCER",561,903.21,1605
2016,"MERCER",561,903.21,1491
2017,"MERCER",561,903.21,1479
2018,"MERCER",561,903.21,1546
2019,"MERCER",561,903.21,1465
2020,"MERCER",561,903.21,1608
2021,"MERCER",561,903.21,1388
2022,"MERCER",561,903.21,1469
2005,"MONROE",385,619.85,1735
2006,"MONROE",385,619.85,1786
2007,"MONROE",385,619.85,1633
2008,"MONROE",385,619.85,1526
2009,"MONROE",385,619.85,1504
2010,"MONROE",385,619.85,1409
2011,"MONROE",385,619.85,1346
2012,"MONROE",385,619.85,1481
2013,"MONROE",385,619.85,1277
2014,"MONROE",385,619.85,1220
2015,"MONROE",385,619.85,1373
2016,"MONROE",385,619.85,1420
2017,"MONROE",385,619.85,1456
2018,"MONROE",385,619.85,1533
2019,"MONROE",385,619.85,1544
2020,"MONROE",385,619.85,1686
2021,"MONROE",385,619.85,1578
2022,"MONROE",385,619.85,1796
2005,"MONTGOMERY",703,1131.83,2424
2006,"MONTGOMERY",703,1131.83,2307
2007,"MONTGOMERY",703,1131.83,2351
2008,"MONTGOMERY",703,1131.83,2125
2009,"MONTGOMERY",703,1131.83,2167
2010,"MONTGOMERY",703,1131.83,2009
2011,"MONTGOMERY",703,1131.83,2068
2012,"MONTGOMERY",703,1131.83,1962
2013,"MONTGOMERY",703,1131.83,1562
2014,"MONTGOMERY",703,1131.83,1547
2015,"MONTGOMERY",703,1131.83,1598
2016,"MONTGOMERY",703,1131.83,1417
2017,"MONTGOMERY",703,1131.83,1469
2018,"MONTGOMERY",703,1131.83,1581
2019,"MONTGOMERY",703,1131.83,1712
2020,"MONTGOMERY",703,1131.83,1808
2021,"MONTGOMERY",703,1131.83,1738
2022,"MONTGOMERY",703,1131.83,1826
2005,"MORGAN",568,914.48,2222
2006,"MORGAN",568,914.48,2057
2007,"MORGAN",568,914.48,2053
2008,"MORGAN",568,914.48,1832
2009,"MORGAN",568,914.48,1966
2010,"MORGAN",568,914.48,1657
2011,"MORGAN",568,914.48,1707
2012,"MORGAN",568,914.48,1586
2013,"MORGAN",568,914.48,1301
2014,"MORGAN",568,914.48,1228
2015,"MORGAN",568,914.48,1351
2016,"MORGAN",568,914.48,1336
2017,"MORGAN",568,914.48,1324
2018,"MORGAN",568,914.48,1371
2019,"MORGAN",568,914.48,1360
2020,"MORGAN",568,914.48,1358
2021,"MORGAN",568,914.48,1292
2022,"MORGAN",568,914.48,1387
2005,"MOULTRIE",335,539.35,631
2006,"MOULTRIE",335,539.35,685
2007,"MOULTRIE",335,539.35,668
2008,"MOULTRIE",335,539.35,677
2009,"MOULTRIE",335,539.35,693
2010,"MOULTRIE",335,539.35,672
2011,"MOULTRIE",335,539.35,777
2012,"MOULTRIE",335,539.35,610
2013,"MOULTRIE",335,539.35,503
2014,"MOULTRIE",335,539.35,554
2015,"MOULTRIE",335,539.35,551
2016,"MOULTRIE",335,539.35,486
2017,"MOULTRIE",335,539.35,579
2018,"MOULTRIE",335,539.35,604
2019,"MOULTRIE",335,539.35,663
2020,"MOULTRIE",335,539.35,739
2021,"MOULTRIE",335,539.35,650
2022,"MOULTRIE",335,539.35,705
2005,"OGLE",758,1220.38,2459
2006,"OGLE",758,1220.38,2488
2007,"OGLE",758,1220.38,2440
2008,"OGLE",758,1220.38,2117
2009,"OGLE",758,1220.38,2356
2010,"OGLE",758,1220.38,2070
2011,"OGLE",758,1220.38,1990
2012,"OGLE",758,1220.38,2074
2013,"OGLE",758,1220.38,1872
2014,"OGLE",758,1220.38,1779
2015,"OGLE",758,1220.38,1961
2016,"OGLE",758,1220.38,1794
2017,"OGLE",758,1220.38,1562
2018,"OGLE",758,1220.38,1582
2019,"OGLE",758,1220.38,1435
2020,"OGLE",758,1220.38,1666
2021,"OGLE",758,1220.38,1317
2022,"OGLE",758,1220.38,1366
2005,"PEORIA",618,994.98,3069
2006,"PEORIA",618,994.98,3155
2007,"PEORIA",618,994.98,3340
2008,"PEORIA",618,994.98,3353
2009,"PEORIA",618,994.98,3366
2010,"PEORIA",618,994.98,3220
2011,"PEORIA",618,994.98,3075
2012,"PEORIA",618,994.98,3035
2013,"PEORIA",618,994.98,2140
2014,"PEORIA",618,994.98,2050
2015,"PEORIA",618,994.98,2039
2016,"PEORIA",618,994.98,1851
2017,"PEORIA",618,994.98,1821
2018,"PEORIA",618,994.98,1755
2019,"PEORIA",618,994.98,1888
2020,"PEORIA",618,994.98,2038
2021,"PEORIA",618,994.98,1900
2022,"PEORIA",618,994.98,1968
2005,"PERRY",441,710.01,2810
2006,"PERRY",441,710.01,2772
2007,"PERRY",441,710.01,2668
2008,"PERRY",441,710.01,2319
2009,"PERRY",441,710.01,2304
2010,"PERRY",441,710.01,2273
2011,"PERRY",441,710.01,2246
2012,"PERRY",441,710.01,2377
2013,"PERRY",441,710.01,2191
2014,"PERRY",441,710.01,2050
2015,"PERRY",441,710.01,2247
2016,"PERRY",441,710.01,2364
2017,"PERRY",441,710.01,2504
2018,"PERRY",441,710.01,2585
2019,"PERRY",441,710.01,2741
2020,"PERRY",441,710.01,2890
2021,"PERRY",441,710.01,2355
2022,"PERRY",441,710.01,2746
2005,"PIATT",439,706.79,619
2006,"PIATT",439,706.79,524
2007,"PIATT",439,706.79,483
2008,"PIATT",439,706.79,441
2009,"PIATT",439,706.79,447
2010,"PIATT",439,706.79,464
2011,"PIATT",439,706.79,455
2012,"PIATT",439,706.79,401
2013,"PIATT",439,706.79,324
2014,"PIATT",439,706.79,292
2015,"PIATT",439,706.79,231
2016,"PIATT",439,706.79,253
2017,"PIATT",439,706.79,286
2018,"PIATT",439,706.79,308
2019,"PIATT",439,706.79,396
2020,"PIATT",439,706.79,436
2021,"PIATT",439,706.79,363
2022,"PIATT",439,706.79,394
2005,"PIKE",831,1337.91,8982
2006,"PIKE",831,1337.91,9033
2007,"PIKE",831,1337.91,8443
2008,"PIKE",831,1337.91,8060
2009,"PIKE",831,1337.91,8166
2010,"PIKE",831,1337.91,7376
2011,"PIKE",831,1337.91,7179
2012,"PIKE",831,1337.91,7241
2013,"PIKE",831,1337.91,5647
2014,"PIKE",831,1337.91,5168
2015,"PIKE",831,1337.91,5077
2016,"PIKE",831,1337.91,4484
2017,"PIKE",831,1337.91,4367
2018,"PIKE",831,1337.91,4442
2019,"PIKE",831,1337.91,4397
2020,"PIKE",831,1337.91,4550
2021,"PIKE",831,1337.91,4081
2022,"PIKE",831,1337.91,4333
2005,"POPE",368,592.48,3230
2006,"POPE",368,592.48,3075
2007,"POPE",368,592.48,3046
2008,"POPE",368,592.48,2839
2009,"POPE",368,592.48,2612
2010,"POPE",368,592.48,2659
2011,"POPE",368,592.48,2713
2012,"POPE",368,592.48,2517
2013,"POPE",368,592.48,2385
2014,"POPE",368,592.48,2547
2015,"POPE",368,592.48,2536
2016,"POPE",368,592.48,2341
2017,"POPE",368,592.48,2440
2018,"POPE",368,592.48,2369
2019,"POPE",368,592.48,2472
2020,"POPE",368,592.48,2403
2021,"POPE",368,592.48,2137
2022,"POPE",368,592.48,2528
2005,"PULASKI",199,320.39,1139
2006,"PULASKI",199,320.39,1151
2007,"PULASKI",199,320.39,1171
2008,"PULASKI",199,320.39,1123
2009,"PULASKI",199,320.39,1049
2010,"PULASKI",199,320.39,1113
2011,"PULASKI",199,320.39,1093
2012,"PULASKI",199,320.39,973
2013,"PULASKI",199,320.39,867
2014,"PULASKI",199,320.39,833
2015,"PULASKI",199,320.39,793
2016,"PULASKI",199,320.39,670
2017,"PULASKI",199,320.39,608
2018,"PULASKI",199,320.39,531
2019,"PULASKI",199,320.39,610
2020,"PULASKI",199,320.39,616
2021,"PULASKI",199,320.39,567
2022,"PULASKI",199,320.39,643
2005,"PUTNAM",160,257.6,934
2006,"PUTNAM",160,257.6,855
2007,"PUTNAM",160,257.6,1020
2008,"PUTNAM",160,257.6,1000
2009,"PUTNAM",160,257.6,1146
2010,"PUTNAM",160,257.6,993
2011,"PUTNAM",160,257.6,908
2012,"PUTNAM",160,257.6,912
2013,"PUTNAM",160,257.6,714
2014,"PUTNAM",160,257.6,689
2015,"PUTNAM",160,257.6,748
2016,"PUTNAM",160,257.6,652
2017,"PUTNAM",160,257.6,614
2018,"PUTNAM",160,257.6,674
2019,"PUTNAM",160,257.6,705
2020,"PUTNAM",160,257.6,687
2021,"PUTNAM",160,257.6,650
2022,"PUTNAM",160,257.6,719
2005,"RANDOLPH",575,925.75,3987
2006,"RANDOLPH",575,925.75,4139
2007,"RANDOLPH",575,925.75,3954
2008,"RANDOLPH",575,925.75,3856
2009,"RANDOLPH",575,925.75,3680
2010,"RANDOLPH",575,925.75,3591
2011,"RANDOLPH",575,925.75,3626
2012,"RANDOLPH",575,925.75,3677
2013,"RANDOLPH",575,925.75,3312
2014,"RANDOLPH",575,925.75,3124
2015,"RANDOLPH",575,925.75,3470
2016,"RANDOLPH",575,925.75,3513
2017,"RANDOLPH",575,925.75,3683
2018,"RANDOLPH",575,925.75,3587
2019,"RANDOLPH",575,925.75,3794
2020,"RANDOLPH",575,925.75,3893
2021,"RANDOLPH",575,925.75,3569
2022,"RANDOLPH",575,925.75,4088
2005,"RICHLAND",360,579.6,1852
2006,"RICHLAND",360,579.6,1695
2007,"RICHLAND",360,579.6,1594
2008,"RICHLAND",360,579.6,1451
2009,"RICHLAND",360,579.6,1476
2010,"RICHLAND",360,579.6,1429
2011,"RICHLAND",360,579.6,1412
2012,"RICHLAND",360,579.6,1327
2013,"RICHLAND",360,579.6,1110
2014,"RICHLAND",360,579.6,1099
2015,"RICHLAND",360,579.6,1170
2016,"RICHLAND",360,579.6,1171
2017,"RICHLAND",360,579.6,1204
2018,"RICHLAND",360,579.6,1148
2019,"RICHLAND",360,579.6,1274
2020,"RICHLAND",360,579.6,1297
2021,"RICHLAND",360,579.6,1228
2022,"RICHLAND",360,579.6,1272
2005,"ROCK ISLAND",427,687.47,1695
2006,"ROCK ISLAND",427,687.47,1869
2007,"ROCK ISLAND",427,687.47,1846
2008,"ROCK ISLAND",427,687.47,1790
2009,"ROCK ISLAND",427,687.47,1926
2010,"ROCK ISLAND",427,687.47,1728
2011,"ROCK ISLAND",427,687.47,1686
2012,"ROCK ISLAND",427,687.47,1786
2013,"ROCK ISLAND",427,687.47,1604
2014,"ROCK ISLAND",427,687.47,1613
2015,"ROCK ISLAND",427,687.47,1718
2016,"ROCK ISLAND",427,687.47,1603
2017,"ROCK ISLAND",427,687.47,1534
2018,"ROCK ISLAND",427,687.47,1659
2019,"ROCK ISLAND",427,687.47,1375
2020,"ROCK ISLAND",427,687.47,1531
2021,"ROCK ISLAND",427,687.47,1310
2022,"ROCK ISLAND",427,687.47,1362
2005,"SALINE",379,610.19,1701
2006,"SALINE",379,610.19,1707
2007,"SALINE",379,610.19,1757
2008,"SALINE",379,610.19,1725
2009,"SALINE",379,610.19,1735
2010,"SALINE",379,610.19,1913
2011,"SALINE",379,610.19,1728
2012,"SALINE",379,610.19,1739
2013,"SALINE",379,610.19,1490
2014,"SALINE",379,610.19,1522
2015,"SALINE",379,610.19,1707
2016,"SALINE",379,610.19,1439
2017,"SALINE",379,610.19,1605
2018,"SALINE",379,610.19,1672
2019,"SALINE",379,610.19,1753
2020,"SALINE",379,610.19,1899
2021,"SALINE",379,610.19,1571
2022,"SALINE",379,610.19,1840
2005,"SANGAMON",868,1397.48,1949
2006,"SANGAMON",868,1397.48,1980
2007,"SANGAMON",868,1397.48,1954
2008,"SANGAMON",868,1397.48,1908
2009,"SANGAMON",868,1397.48,1896
2010,"SANGAMON",868,1397.48,1762
2011,"SANGAMON",868,1397.48,1770
2012,"SANGAMON",868,1397.48,1843
2013,"SANGAMON",868,1397.48,1380
2014,"SANGAMON",868,1397.48,1387
2015,"SANGAMON",868,1397.48,1510
2016,"SANGAMON",868,1397.48,1333
2017,"SANGAMON",868,1397.48,1457
2018,"SANGAMON",868,1397.48,1527
2019,"SANGAMON",868,1397.48,1517
2020,"SANGAMON",868,1397.48,1612
2021,"SANGAMON",868,1397.48,1450
2022,"SANGAMON",868,1397.48,1488
2005,"SCHUYLER",437,703.57,3147
2006,"SCHUYLER",437,703.57,2996
2007,"SCHUYLER",437,703.57,3243
2008,"SCHUYLER",437,703.57,3112
2009,"SCHUYLER",437,703.57,3235
2010,"SCHUYLER",437,703.57,3085
2011,"SCHUYLER",437,703.57,3108
2012,"SCHUYLER",437,703.57,3215
2013,"SCHUYLER",437,703.57,2451
2014,"SCHUYLER",437,703.57,2523
2015,"SCHUYLER",437,703.57,2714
2016,"SCHUYLER",437,703.57,2486
2017,"SCHUYLER",437,703.57,2646
2018,"SCHUYLER",437,703.57,2630
2019,"SCHUYLER",437,703.57,2519
2020,"SCHUYLER",437,703.57,2503
2021,"SCHUYLER",437,703.57,2701
2022,"SCHUYLER",437,703.57,2731
2005,"SCOTT",250,402.5,1214
2006,"SCOTT",250,402.5,1090
2007,"SCOTT",250,402.5,1091
2008,"SCOTT",250,402.5,953
2009,"SCOTT",250,402.5,934
2010,"SCOTT",250,402.5,925
2011,"SCOTT",250,402.5,885
2012,"SCOTT",250,402.5,922
2013,"SCOTT",250,402.5,665
2014,"SCOTT",250,402.5,634
2015,"SCOTT",250,402.5,679
2016,"SCOTT",250,402.5,614
2017,"SCOTT",250,402.5,592
2018,"SCOTT",250,402.5,601
2019,"SCOTT",250,402.5,645
2020,"SCOTT",250,402.5,681
2021,"SCOTT",250,402.5,680
2022,"SCOTT",250,402.5,698
2005,"SHELBY",758,1220.38,2428
2006,"SHELBY",758,1220.38,2441
2007,"SHELBY",758,1220.38,2554
2008,"SHELBY",758,1220.38,2397
2009,"SHELBY",758,1220.38,2495
2010,"SHELBY",758,1220.38,2373
2011,"SHELBY",758,1220.38,2538
2012,"SHELBY",758,1220.38,2190
2013,"SHELBY",758,1220.38,1738
2014,"SHELBY",758,1220.38,1732
2015,"SHELBY",758,1220.38,2009
2016,"SHELBY",758,1220.38,1899
2017,"SHELBY",758,1220.38,1946
2018,"SHELBY",758,1220.38,2153
2019,"SHELBY",758,1220.38,2300
2020,"SHELBY",758,1220.38,2533
2021,"SHELBY",758,1220.38,2442
2022,"SHELBY",758,1220.38,2550
2005,"ST. CLAIR",657,1057.77,2123
2006,"ST. CLAIR",657,1057.77,2061
2007,"ST. CLAIR",657,1057.77,1935
2008,"ST. CLAIR",657,1057.77,1816
2009,"ST. CLAIR",657,1057.77,1829
2010,"ST. CLAIR",657,1057.77,1721
2011,"ST. CLAIR",657,1057.77,1737
2012,"ST. CLAIR",657,1057.77,1698
2013,"ST. CLAIR",657,1057.77,1373
2014,"ST. CLAIR",657,1057.77,1191
2015,"ST. CLAIR",657,1057.77,1406
2016,"ST. CLAIR",657,1057.77,1237
2017,"ST. CLAIR",657,1057.77,1346
2018,"ST. CLAIR",657,1057.77,1428
2019,"ST. CLAIR",657,1057.77,1443
2020,"ST. CLAIR",657,1057.77,1656
2021,"ST. CLAIR",657,1057.77,1547
2022,"ST. CLAIR",657,1057.77,1689
2005,"STARK",288,463.68,598
2006,"STARK",288,463.68,572
2007,"STARK",288,463.68,589
2008,"STARK",288,463.68,580
2009,"STARK",288,463.68,554
2010,"STARK",288,463.68,587
2011,"STARK",288,463.68,496
2012,"STARK",288,463.68,567
2013,"STARK",288,463.68,373
2014,"STARK",288,463.68,365
2015,"STARK",288,463.68,350
2016,"STARK",288,463.68,317
2017,"STARK",288,463.68,332
2018,"STARK",288,463.68,309
2019,"STARK",288,463.68,311
2020,"STARK",288,463.68,340
2021,"STARK",288,463.68,298
2022,"STARK",288,463.68,319
2005,"STEPHENSON",564,908.04,1728
2006,"STEPHENSON",564,908.04,1738
2007,"STEPHENSON",564,908.04,1829
2008,"STEPHENSON",564,908.04,1737
2009,"STEPHENSON",564,908.04,1781
2010,"STEPHENSON",564,908.04,1747
2011,"STEPHENSON",564,908.04,1651
2012,"STEPHENSON",564,908.04,1771
2013,"STEPHENSON",564,908.04,1391
2014,"STEPHENSON",564,908.04,1494
2015,"STEPHENSON",564,908.04,1553
2016,"STEPHENSON",564,908.04,1508
2017,"STEPHENSON",564,908.04,1342
2018,"STEPHENSON",564,908.04,1252
2019,"STEPHENSON",564,908.04,1216
2020,"STEPHENSON",564,908.04,1345
2021,"STEPHENSON",564,908.04,1030
2022,"STEPHENSON",564,908.04,1031
2005,"TAZEWELL",646,1040.06,1750
2006,"TAZEWELL",646,1040.06,1697
2007,"TAZEWELL",646,1040.06,1671
2008,"TAZEWELL",646,1040.06,1691
2009,"TAZEWELL",646,1040.06,1715
2010,"TAZEWELL",646,1040.06,1588
2011,"TAZEWELL",646,1040.06,1588
2012,"TAZEWELL",646,1040.06,1626
2013,"TAZEWELL",646,1040.06,1123
2014,"TAZEWELL",646,1040.06,1041
2015,"TAZEWELL",646,1040.06,1145
2016,"TAZEWELL",646,1040.06,1036
2017,"TAZEWELL",646,1040.06,1098
2018,"TAZEWELL",646,1040.06,1143
2019,"TAZEWELL",646,1040.06,1220
2020,"TAZEWELL",646,1040.06,1331
2021,"TAZEWELL",646,1040.06,1210
2022,"TAZEWELL",646,1040.06,1400
2005,"UNION",413,664.93,2976
2006,"UNION",413,664.93,3150
2007,"UNION",413,664.93,3213
2008,"UNION",413,664.93,2963
2009,"UNION",413,664.93,2985
2010,"UNION",413,664.93,2777
2011,"UNION",413,664.93,2827
2012,"UNION",413,664.93,2651
2013,"UNION",413,664.93,2734
2014,"UNION",413,664.93,2684
2015,"UNION",413,664.93,2863
2016,"UNION",413,664.93,2447
2017,"UNION",413,664.93,2438
2018,"UNION",413,664.93,2372
2019,"UNION",413,664.93,2342
2020,"UNION",413,664.93,2322
2021,"UNION",413,664.93,2064
2022,"UNION",413,664.93,2212
2005,"VERMILION",898,1445.78,2079
2006,"VERMILION",898,1445.78,2010
2007,"VERMILION",898,1445.78,2252
2008,"VERMILION",898,1445.78,2223
2009,"VERMILION",898,1445.78,2353
2010,"VERMILION",898,1445.78,2263
2011,"VERMILION",898,1445.78,2319
2012,"VERMILION",898,1445.78,2178
2013,"VERMILION",898,1445.78,1660
2014,"VERMILION",898,1445.78,1518
2015,"VERMILION",898,1445.78,1645
2016,"VERMILION",898,1445.78,1495
2017,"VERMILION",898,1445.78,1447
2018,"VERMILION",898,1445.78,1423
2019,"VERMILION",898,1445.78,1514
2020,"VERMILION",898,1445.78,1787
2021,"VERMILION",898,1445.78,1729
2022,"VERMILION",898,1445.78,1788
2005,"WABASH",223,359.03,737
2006,"WABASH",223,359.03,675
2007,"WABASH",223,359.03,629
2008,"WABASH",223,359.03,623
2009,"WABASH",223,359.03,587
2010,"WABASH",223,359.03,612
2011,"WABASH",223,359.03,530
2012,"WABASH",223,359.03,518
2013,"WABASH",223,359.03,470
2014,"WABASH",223,359.03,495
2015,"WABASH",223,359.03,479
2016,"WABASH",223,359.03,455
2017,"WABASH",223,359.03,429
2018,"WABASH",223,359.03,397
2019,"WABASH",223,359.03,389
2020,"WABASH",223,359.03,451
2021,"WABASH",223,359.03,399
2022,"WABASH",223,359.03,447
2005,"WARREN",542,872.62,1276
2006,"WARREN",542,872.62,1137
2007,"WARREN",542,872.62,1081
2008,"WARREN",542,872.62,1092
2009,"WARREN",542,872.62,1072
2010,"WARREN",542,872.62,1035
2011,"WARREN",542,872.62,1033
2012,"WARREN",542,872.62,1140
2013,"WARREN",542,872.62,863
2014,"WARREN",542,872.62,884
2015,"WARREN",542,872.62,909
2016,"WARREN",542,872.62,850
2017,"WARREN",542,872.62,844
2018,"WARREN",542,872.62,785
2019,"WARREN",542,872.62,769
2020,"WARREN",542,872.62,815
2021,"WARREN",542,872.62,740
2022,"WARREN",542,872.62,764
2005,"WASHINGTON",562,904.82,2288
2006,"WASHINGTON",562,904.82,2207
2007,"WASHINGTON",562,904.82,2033
2008,"WASHINGTON",562,904.82,1818
2009,"WASHINGTON",562,904.82,1632
2010,"WASHINGTON",562,904.82,1646
2011,"WASHINGTON",562,904.82,1563
2012,"WASHINGTON",562,904.82,1525
2013,"WASHINGTON",562,904.82,1416
2014,"WASHINGTON",562,904.82,1422
2015,"WASHINGTON",562,904.82,1526
2016,"WASHINGTON",562,904.82,1489
2017,"WASHINGTON",562,904.82,1586
2018,"WASHINGTON",562,904.82,1594
2019,"WASHINGTON",562,904.82,1607
2020,"WASHINGTON",562,904.82,1715
2021,"WASHINGTON",562,904.82,1620
2022,"WASHINGTON",562,904.82,1818
2005,"WAYNE",713,1147.93,3500
2006,"WAYNE",713,1147.93,3298
2007,"WAYNE",713,1147.93,3540
2008,"WAYNE",713,1147.93,3381
2009,"WAYNE",713,1147.93,3508
2010,"WAYNE",713,1147.93,3280
2011,"WAYNE",713,1147.93,3401
2012,"WAYNE",713,1147.93,3140
2013,"WAYNE",713,1147.93,2538
2014,"WAYNE",713,1147.93,2630
2015,"WAYNE",713,1147.93,2604
2016,"WAYNE",713,1147.93,2525
2017,"WAYNE",713,1147.93,2565
2018,"WAYNE",713,1147.93,2418
2019,"WAYNE",713,1147.93,2618
2020,"WAYNE",713,1147.93,2809
2021,"WAYNE",713,1147.93,2555
2022,"WAYNE",713,1147.93,2792
2005,"WHITE",494,795.34,2299
2006,"WHITE",494,795.34,2171
2007,"WHITE",494,795.34,2274
2008,"WHITE",494,795.34,2049
2009,"WHITE",494,795.34,2067
2010,"WHITE",494,795.34,2009
2011,"WHITE",494,795.34,2017
2012,"WHITE",494,795.34,1804
2013,"WHITE",494,795.34,1710
2014,"WHITE",494,795.34,1766
2015,"WHITE",494,795.34,1747
2016,"WHITE",494,795.34,1587
2017,"WHITE",494,795.34,1489
2018,"WHITE",494,795.34,1325
2019,"WHITE",494,795.34,1420
2020,"WHITE",494,795.34,1602
2021,"WHITE",494,795.34,1408
2022,"WHITE",494,795.34,1625
2005,"WHITESIDE",684,1101.24,1704
2006,"WHITESIDE",684,1101.24,1582
2007,"WHITESIDE",684,1101.24,1663
2008,"WHITESIDE",684,1101.24,1504
2009,"WHITESIDE",684,1101.24,1559
2010,"WHITESIDE",684,1101.24,1470
2011,"WHITESIDE",684,1101.24,1358
2012,"WHITESIDE",684,1101.24,1535
2013,"WHITESIDE",684,1101.24,1265
2014,"WHITESIDE",684,1101.24,1101
2015,"WHITESIDE",684,1101.24,1233
2016,"WHITESIDE",684,1101.24,1107
2017,"WHITESIDE",684,1101.24,1123
2018,"WHITESIDE",684,1101.24,1157
2019,"WHITESIDE",684,1101.24,1093
2020,"WHITESIDE",684,1101.24,1222
2021,"WHITESIDE",684,1101.24,1055
2022,"WHITESIDE",684,1101.24,1178
2005,"WILL",835,1344.35,1392
2006,"WILL",835,1344.35,1430
2007,"WILL",835,1344.35,1435
2008,"WILL",835,1344.35,1358
2009,"WILL",835,1344.35,1358
2010,"WILL",835,1344.35,1250
2011,"WILL",835,1344.35,1247
2012,"WILL",835,1344.35,1256
2013,"WILL",835,1344.35,1286
2014,"WILL",835,1344.35,1093
2015,"WILL",835,1344.35,1181
2016,"WILL",835,1344.35,1058
2017,"WILL",835,1344.35,1001
2018,"WILL",835,1344.35,1155
2019,"WILL",835,1344.35,1051
2020,"WILL",835,1344.35,1174
2021,"WILL",835,1344.35,981
2022,"WILL",835,1344.35,1018
2005,"WILLIAMSON",420,676.2,3142
2006,"WILLIAMSON",420,676.2,3039
2007,"WILLIAMSON",420,676.2,3059
2008,"WILLIAMSON",420,676.2,2832
2009,"WILLIAMSON",420,676.2,2476
2010,"WILLIAMSON",420,676.2,2644
2011,"WILLIAMSON",420,676.2,2677
2012,"WILLIAMSON",420,676.2,2620
2013,"WILLIAMSON",420,676.2,2632
2014,"WILLIAMSON",420,676.2,2826
2015,"WILLIAMSON",420,676.2,3127
2016,"WILLIAMSON",420,676.2,2773
2017,"WILLIAMSON",420,676.2,3026
2018,"WILLIAMSON",420,676.2,3109
2019,"WILLIAMSON",420,676.2,3358
2020,"WILLIAMSON",420,676.2,3333
2021,"WILLIAMSON",420,676.2,3033
2022,"WILLIAMSON",420,676.2,3517
2005,"WINNEBAGO",513,825.93,1254
2006,"WINNEBAGO",513,825.93,1121
2007,"WINNEBAGO",513,825.93,1086
2008,"WINNEBAGO",513,825.93,1038
2009,"WINNEBAGO",513,825.93,1139
2010,"WINNEBAGO",513,825.93,943
2011,"WINNEBAGO",513,825.93,925
2012,"WINNEBAGO",513,825.93,1033
2013,"WINNEBAGO",513,825.93,860
2014,"WINNEBAGO",513,825.93,912
2015,"WINNEBAGO",513,825.93,1021
2016,"WINNEBAGO",513,825.93,934
2017,"WINNEBAGO",513,825.93,883
2018,"WINNEBAGO",513,825.93,944
2019,"WINNEBAGO",513,825.93,831
2020,"WINNEBAGO",513,825.93,920
2021,"WINNEBAGO",513,825.93,813
2022,"WINNEBAGO",513,825.93,772
2005,"WOODFORD",527,848.47,1889
2006,"WOODFORD",527,848.47,1757
2007,"WOODFORD",527,848.47,1911
2008,"WOODFORD",527,848.47,2035
2009,"WOODFORD",527,848.47,1959
2010,"WOODFORD",527,848.47,1941
2011,"WOODFORD",527,848.47,1681
2012,"WOODFORD",527,848.47,1834
2013,"WOODFORD",527,848.47,1245
2014,"WOODFORD",527,848.47,1100
2015,"WOODFORD",527,848.47,1244
2016,"WOODFORD",527,848.47,1125
2017,"WOODFORD",527,848.47,1216
2018,"WOODFORD",527,848.47,1179
2019,"WOODFORD",527,848.47,1381
2020,"WOODFORD",527,848.47,1435
2021,"WOODFORD",527,848.47,1385
2022,"WOODFORD",527,848.47,1544
